county_id,msa_id,csa_id,centrality
46013,10100,,Central
46045,10100,,Outlying
53027,10140,,Central
48059,10180,,Outlying
48253,10180,,Outlying
48441,10180,,Central
40123,10220,,Central
26091,10300,220.0,Central
72003,10380,,Central
72005,10380,,Central
72011,10380,,Central
72071,10380,,Central
72081,10380,,Central
72099,10380,,Central
72117,10380,,Central
72131,10380,,Central
72141,10380,,Central
39133,10420,184.0,Central
39153,10420,184.0,Central
35035,10460,,Central
13095,10500,,Central
13177,10500,,Central
13273,10500,,Outlying
13321,10500,,Outlying
41043,10540,440.0,Central
36001,10580,104.0,Central
36083,10580,104.0,Central
36091,10580,104.0,Central
36093,10580,104.0,Central
36095,10580,104.0,Outlying
37167,10620,172.0,Central
27047,10660,,Central
01095,10700,,Central
35001,10740,106.0,Central
35043,10740,106.0,Central
35057,10740,106.0,Outlying
35061,10740,106.0,Outlying
01037,10760,388.0,Outlying
01123,10760,388.0,Central
22043,10780,,Outlying
22079,10780,,Central
27041,10820,,Central
48131,10860,204.0,Outlying
48249,10860,204.0,Central
34041,10900,,Central
42025,10900,,Central
42077,10900,,Central
42095,10900,,Central
26057,10940,394.0,Central
26007,10980,,Central
42013,11020,107.0,Central
40065,11060,,Central
48011,11100,108.0,Outlying
48065,11100,108.0,Outlying
48359,11100,108.0,Outlying
48375,11100,108.0,Central
48381,11100,108.0,Central
13249,11140,,Outlying
13261,11140,,Central
19015,11180,218.0,Outlying
19169,11180,218.0,Central
36057,11220,104.0,Central
02020,11260,,Central
02170,11260,,Outlying
48003,11380,,Central
18151,11420,258.0,Central
26161,11460,220.0,Central
01015,11500,,Central
55015,11540,118.0,Central
55087,11540,118.0,Central
12027,11580,412.0,Central
40019,11620,,Central
40085,11620,,Outlying
72013,11640,490.0,Central
72027,11640,490.0,Central
72065,11640,490.0,Central
72115,11640,490.0,Central
05019,11660,,Central
37021,11700,120.0,Central
37087,11700,120.0,Central
37089,11700,120.0,Central
37115,11700,120.0,Outlying
39005,11740,360.0,Central
39007,11780,184.0,Central
41007,11820,,Central
20005,11860,312.0,Central
39009,11900,,Central
47107,11940,174.0,Central
48213,11980,206.0,Central
13059,12020,122.0,Central
13195,12020,122.0,Outlying
13219,12020,122.0,Central
13221,12020,122.0,Outlying
13013,12060,122.0,Outlying
13015,12060,122.0,Outlying
13035,12060,122.0,Outlying
13045,12060,122.0,Outlying
13057,12060,122.0,Central
13063,12060,122.0,Central
13067,12060,122.0,Central
13077,12060,122.0,Central
13085,12060,122.0,Outlying
13089,12060,122.0,Central
13097,12060,122.0,Central
13113,12060,122.0,Central
13117,12060,122.0,Central
13121,12060,122.0,Central
13135,12060,122.0,Central
13143,12060,122.0,Outlying
13149,12060,122.0,Outlying
13151,12060,122.0,Central
13159,12060,122.0,Outlying
13171,12060,122.0,Outlying
13199,12060,122.0,Outlying
13211,12060,122.0,Outlying
13217,12060,122.0,Central
13223,12060,122.0,Central
13227,12060,122.0,Outlying
13231,12060,122.0,Outlying
13247,12060,122.0,Central
13255,12060,122.0,Central
13297,12060,122.0,Central
34001,12100,428.0,Central
01053,12120,426.0,Central
18033,12140,258.0,Central
36011,12180,532.0,Central
01081,12220,194.0,Central
13033,12260,,Outlying
13073,12260,,Central
13181,12260,,Outlying
13189,12260,,Outlying
13245,12260,,Central
45003,12260,,Central
45037,12260,,Outlying
23011,12300,,Central
27099,12380,462.0,Central
48021,12420,,Outlying
48055,12420,,Outlying
48209,12420,,Central
48453,12420,,Central
48491,12420,,Central
13087,12460,,Central
06029,12540,,Central
24003,12580,548.0,Central
24005,12580,548.0,Central
24013,12580,548.0,Outlying
24025,12580,548.0,Outlying
24027,12580,548.0,Central
24035,12580,548.0,Central
24510,12580,548.0,Central
23019,12620,,Central
55111,12660,357.0,Central
21179,12680,350.0,Central
25001,12700,148.0,Central
50023,12740,162.0,Central
40147,12780,538.0,Central
36037,12860,464.0,Central
05063,12900,,Central
05135,12900,,Outlying
22005,12940,,Central
22007,12940,,Outlying
22033,12940,,Central
22037,12940,,Outlying
22047,12940,,Central
22063,12940,,Central
22077,12940,,Outlying
22091,12940,,Outlying
22121,12940,,Central
22125,12940,,Outlying
26025,12980,310.0,Central
26017,13020,474.0,Central
48321,13060,288.0,Central
31067,13100,339.0,Central
48199,13140,,Outlying
48245,13140,,Central
48361,13140,,Central
55027,13180,376.0,Central
54019,13220,,Central
54081,13220,,Central
18093,13260,144.0,Central
48025,13300,,Central
39091,13340,198.0,Central
53073,13380,,Central
27007,13420,,Central
41017,13460,140.0,Central
45069,13500,,Central
50003,13540,,Central
33007,13620,,Central
26107,13660,266.0,Central
48227,13700,,Central
51195,13720,,Central
51720,13720,,Central
30009,13740,,Outlying
30095,13740,,Outlying
30111,13740,,Central
36007,13780,,Central
36107,13780,,Central
01007,13820,142.0,Outlying
01009,13820,142.0,Outlying
01021,13820,142.0,Outlying
01073,13820,142.0,Central
01115,13820,142.0,Outlying
01117,13820,142.0,Central
38015,13900,,Central
38059,13900,,Central
38065,13900,,Outlying
16011,13940,292.0,Central
51071,13980,,Outlying
51121,13980,,Central
51155,13980,,Outlying
51750,13980,,Central
17113,14010,145.0,Central
18105,14020,144.0,Central
18119,14020,144.0,Outlying
42037,14100,146.0,Central
42093,14100,146.0,Central
51021,14140,,Outlying
51185,14140,,Central
54055,14140,,Central
18179,14160,258.0,Central
05093,14180,,Central
22117,14220,406.0,Central
16001,14260,147.0,Central
16015,14260,147.0,Outlying
16027,14260,147.0,Outlying
16045,14260,147.0,Outlying
16073,14260,147.0,Outlying
48147,14300,206.0,Central
37189,14380,,Central
48233,14420,108.0,Central
25021,14460,148.0,Central
25023,14460,148.0,Central
25025,14460,148.0,Central
25009,14460,148.0,Central
25017,14460,148.0,Central
33015,14460,148.0,Central
33017,14460,148.0,Outlying
08013,14500,216.0,Central
21003,14540,150.0,Outlying
21031,14540,150.0,Outlying
21061,14540,150.0,Outlying
21227,14540,150.0,Central
30031,14580,,Central
42083,14620,,Central
27021,14660,,Outlying
27035,14660,,Central
29213,14700,,Central
08117,14720,,Central
53035,14740,500.0,Central
48477,14780,288.0,Central
37175,14820,120.0,Central
09001,14860,408.0,Central
28085,15020,298.0,Central
41015,15060,,Central
46011,15100,,Central
47075,15140,297.0,Central
48061,15180,154.0,Central
48049,15220,,Central
13025,15260,,Outlying
13127,15260,,Central
13191,15260,,Outlying
39033,15340,360.0,Central
36029,15380,160.0,Central
36063,15380,160.0,Central
16031,15420,,Central
16067,15420,,Outlying
17071,15460,161.0,Outlying
19057,15460,161.0,Central
37001,15500,268.0,Central
50007,15540,162.0,Central
50011,15540,162.0,Outlying
50013,15540,162.0,Outlying
30093,15580,,Central
26113,15620,,Outlying
26165,15620,,Central
13129,15660,174.0,Central
24037,15680,548.0,Central
24019,15700,480.0,Central
39059,15740,198.0,Central
05013,15780,,Outlying
05103,15780,,Central
21087,15820,,Outlying
21217,15820,,Central
08043,15860,444.0,Central
39019,15940,184.0,Outlying
39151,15940,184.0,Central
12071,15980,163.0,Central
17003,16020,164.0,Outlying
29017,16020,164.0,Outlying
29031,16020,164.0,Central
17077,16060,,Central
17087,16060,,Outlying
17199,16060,,Central
35015,16100,,Central
19027,16140,,Central
32510,16180,456.0,Central
56025,16220,,Central
49021,16260,,Central
19011,16300,168.0,Outlying
19105,16300,168.0,Outlying
19113,16300,168.0,Central
13233,16340,122.0,Central
39107,16380,338.0,Central
21177,16420,,Central
17121,16460,476.0,Central
53041,16500,500.0,Central
42055,16540,548.0,Central
17019,16580,,Central
17147,16580,,Outlying
54005,16620,170.0,Outlying
54015,16620,170.0,Outlying
54035,16620,170.0,Outlying
54039,16620,170.0,Central
54043,16620,170.0,Outlying
17029,16660,,Central
17035,16660,,Outlying
45015,16700,,Central
45019,16700,,Central
45035,16700,,Central
37007,16740,172.0,Outlying
37025,16740,172.0,Outlying
37071,16740,172.0,Outlying
37097,16740,172.0,Central
37109,16740,172.0,Outlying
37119,16740,172.0,Central
37159,16740,172.0,Outlying
37179,16740,172.0,Central
45023,16740,172.0,Outlying
45057,16740,172.0,Outlying
45091,16740,172.0,Outlying
51003,16820,,Central
51065,16820,,Outlying
51079,16820,,Outlying
51125,16820,,Outlying
51540,16820,,Central
13047,16860,174.0,Central
13083,16860,174.0,Outlying
13295,16860,174.0,Central
47065,16860,174.0,Central
47115,16860,174.0,Outlying
47153,16860,174.0,Outlying
56021,16940,,Central
17031,16980,176.0,Central
17043,16980,176.0,Central
17063,16980,176.0,Outlying
17111,16980,176.0,Central
17197,16980,176.0,Central
17037,16980,176.0,Outlying
17089,16980,176.0,Central
17093,16980,176.0,Central
18073,16980,176.0,Outlying
18089,16980,176.0,Central
18111,16980,176.0,Outlying
18127,16980,176.0,Central
17097,16980,176.0,Central
55059,16980,176.0,Outlying
06007,17020,,Central
39141,17060,198.0,Central
18029,17140,178.0,Outlying
18047,17140,178.0,Outlying
18115,17140,178.0,Outlying
18161,17140,178.0,Outlying
21015,17140,178.0,Central
21023,17140,178.0,Outlying
21037,17140,178.0,Central
21077,17140,178.0,Outlying
21081,17140,178.0,Outlying
21117,17140,178.0,Central
21191,17140,178.0,Outlying
39015,17140,178.0,Outlying
39017,17140,178.0,Central
39025,17140,178.0,Central
39061,17140,178.0,Central
39165,17140,178.0,Central
54017,17220,,Outlying
54033,17220,,Central
54091,17220,,Outlying
28027,17260,,Central
21047,17300,,Outlying
21221,17300,,Outlying
47125,17300,,Central
47161,17300,,Outlying
06033,17340,,Central
28011,17380,185.0,Central
47011,17420,174.0,Central
47139,17420,174.0,Outlying
39035,17460,184.0,Central
39055,17460,184.0,Central
39085,17460,184.0,Central
39093,17460,184.0,Outlying
39103,17460,184.0,Central
12051,17500,163.0,Central
19045,17540,209.0,Central
35009,17580,188.0,Central
72043,17620,434.0,Central
72123,17640,490.0,Central
16055,17660,518.0,Central
20125,17700,,Central
26023,17740,310.0,Central
48041,17780,,Central
48051,17780,,Outlying
48395,17780,,Outlying
08041,17820,,Central
08119,17820,,Outlying
29019,17860,190.0,Central
29053,17860,190.0,Outlying
29089,17860,190.0,Outlying
45017,17900,192.0,Outlying
45039,17900,192.0,Outlying
45055,17900,192.0,Outlying
45063,17900,192.0,Central
45079,17900,192.0,Central
45081,17900,192.0,Outlying
01113,17980,194.0,Central
13053,17980,194.0,Central
13145,17980,194.0,Outlying
13197,17980,194.0,Outlying
13215,17980,194.0,Central
13259,17980,194.0,Outlying
13263,17980,194.0,Outlying
18005,18020,294.0,Central
28087,18060,200.0,Central
31141,18100,,Central
39041,18140,198.0,Central
39045,18140,198.0,Central
39049,18140,198.0,Central
39073,18140,198.0,Outlying
39089,18140,198.0,Outlying
39097,18140,198.0,Outlying
39117,18140,198.0,Outlying
39127,18140,198.0,Outlying
39129,18140,198.0,Outlying
39159,18140,198.0,Outlying
33013,18180,148.0,Central
18041,18220,458.0,Central
47087,18260,,Outlying
47133,18260,,Outlying
47141,18260,,Central
41011,18300,,Central
13081,18380,,Central
28003,18420,539.0,Central
13137,18460,122.0,Central
36101,18500,236.0,Central
48355,18580,204.0,Central
48409,18580,204.0,Central
48349,18620,206.0,Central
36023,18660,296.0,Central
41003,18700,440.0,Central
39031,18740,,Central
08081,18780,525.0,Central
18107,18820,294.0,Central
06015,18860,,Central
12091,18880,,Central
12131,18880,,Central
47035,18900,,Central
01043,18980,142.0,Central
37099,19000,,Central
37173,19000,,Outlying
24001,19060,,Central
54057,19060,,Outlying
48085,19100,206.0,Central
48113,19100,206.0,Central
48121,19100,206.0,Outlying
48139,19100,206.0,Central
48231,19100,206.0,Outlying
48257,19100,206.0,Outlying
48397,19100,206.0,Central
48251,19100,206.0,Central
48367,19100,206.0,Outlying
48439,19100,206.0,Central
48497,19100,206.0,Outlying
13213,19140,174.0,Central
13313,19140,174.0,Central
17183,19180,,Central
21021,19220,,Central
21137,19220,,Outlying
51143,19260,,Central
51590,19260,,Central
01003,19300,380.0,Central
17073,19340,209.0,Outlying
17131,19340,209.0,Outlying
17161,19340,209.0,Central
19163,19340,209.0,Central
47143,19420,174.0,Central
39057,19430,212.0,Central
39109,19430,212.0,Central
39113,19430,212.0,Central
01079,19460,290.0,Outlying
01103,19460,290.0,Central
17115,19500,,Central
18001,19540,258.0,Central
39039,19580,,Central
48465,19620,,Central
12035,19660,422.0,Central
12127,19660,422.0,Central
35029,19700,,Central
08001,19740,216.0,Central
08005,19740,216.0,Central
08014,19740,216.0,Central
08019,19740,216.0,Outlying
08031,19740,216.0,Central
08035,19740,216.0,Central
08039,19740,216.0,Outlying
08047,19740,216.0,Outlying
08059,19740,216.0,Central
08093,19740,216.0,Outlying
22011,19760,217.0,Central
19049,19780,218.0,Central
19077,19780,218.0,Outlying
19099,19780,218.0,Outlying
19121,19780,218.0,Outlying
19153,19780,218.0,Central
19181,19780,218.0,Outlying
26163,19820,220.0,Central
26087,19820,220.0,Outlying
26093,19820,220.0,Outlying
26099,19820,220.0,Central
26125,19820,220.0,Central
26147,19820,220.0,Outlying
38007,19860,,Outlying
38089,19860,,Central
17103,19940,221.0,Central
20057,19980,,Central
01061,20020,222.0,Outlying
01067,20020,222.0,Outlying
01069,20020,222.0,Central
13003,20060,,Outlying
13069,20060,,Central
10001,20100,428.0,Central
13167,20140,,Outlying
13175,20140,,Central
13283,20140,,Outlying
42033,20180,524.0,Central
19061,20220,,Central
27017,20260,,Outlying
27075,20260,,Outlying
27137,20260,,Central
55031,20260,,Central
48341,20300,,Central
40137,20340,,Central
08067,20420,,Central
40013,20460,206.0,Central
37037,20500,450.0,Central
37063,20500,450.0,Central
37077,20500,450.0,Outlying
37135,20500,450.0,Central
37145,20500,450.0,Outlying
47045,20540,,Central
48323,20580,,Central
24041,20660,548.0,Central
42089,20700,408.0,Central
55017,20740,232.0,Central
55035,20740,232.0,Central
08037,20780,233.0,Central
17049,20820,,Central
48481,20900,288.0,Central
06025,20940,,Central
05139,20980,,Central
37139,21020,545.0,Central
37143,21020,545.0,Outlying
21093,21060,350.0,Central
21123,21060,350.0,Outlying
21163,21060,350.0,Outlying
40009,21120,,Central
18039,21140,515.0,Central
54083,21180,,Central
32007,21220,,Central
32011,21220,,Outlying
53037,21260,,Central
36015,21300,236.0,Central
48141,21340,238.0,Central
48229,21340,238.0,Outlying
20017,21380,,Outlying
20111,21380,,Central
40047,21420,,Central
01031,21460,,Central
42049,21500,240.0,Central
26041,21540,,Central
35039,21580,106.0,Central
01005,21640,,Central
13239,21640,,Outlying
41039,21660,,Central
06023,21700,,Central
56041,21740,,Central
18129,21780,,Outlying
18163,21780,,Central
18173,21780,,Central
21101,21780,,Central
02090,21820,,Central
19101,21840,,Central
27091,21860,,Central
54049,21900,390.0,Central
32001,21980,,Central
27027,22020,244.0,Central
38017,22020,244.0,Central
27131,22060,378.0,Central
29187,22100,476.0,Central
35045,22140,,Central
37051,22180,246.0,Central
37085,22180,246.0,Outlying
37093,22180,246.0,Central
05007,22220,,Central
05087,22220,,Outlying
05143,22220,,Central
27111,22260,,Central
32019,22280,456.0,Central
39063,22300,534.0,Central
13017,22340,,Central
04005,22380,,Central
26049,22420,220.0,Central
45031,22500,,Outlying
45041,22500,,Central
01033,22520,,Central
01077,22520,,Central
55039,22540,,Central
37161,22580,,Central
05123,22620,368.0,Central
08069,22660,,Central
19187,22700,,Central
29169,22780,,Central
17067,22800,161.0,Outlying
19111,22800,161.0,Central
29045,22800,161.0,Outlying
08087,22820,,Central
01049,22840,497.0,Central
22115,22860,217.0,Central
05033,22900,,Central
05047,22900,,Outlying
05131,22900,,Central
40135,22900,,Outlying
18003,23060,258.0,Central
18183,23060,258.0,Outlying
18023,23140,320.0,Central
21005,23180,336.0,Outlying
21073,23180,336.0,Central
48171,23240,314.0,Central
17177,23300,466.0,Central
31053,23340,420.0,Central
39143,23380,534.0,Central
06019,23420,260.0,Central
01055,23460,,Central
45021,23500,273.0,Central
12001,23540,264.0,Central
12041,23540,264.0,Outlying
12075,23540,264.0,Outlying
13139,23580,122.0,Central
48097,23620,206.0,Central
17095,23660,,Central
35031,23700,,Central
20055,23780,,Central
20093,23780,,Outlying
32005,23820,456.0,Central
45043,23860,396.0,Central
42001,23900,276.0,Central
56005,23940,,Central
56011,23940,,Outlying
56045,23940,,Outlying
21009,23980,150.0,Central
21169,23980,150.0,Outlying
36113,24020,104.0,Central
36115,24020,104.0,Central
08045,24060,233.0,Central
08097,24060,233.0,Outlying
36035,24100,104.0,Central
37191,24140,,Central
48221,24180,206.0,Central
27119,24220,,Central
38035,24220,,Central
31079,24260,,Central
31093,24260,,Outlying
31121,24260,,Outlying
08077,24300,,Central
27061,24330,,Central
26067,24340,266.0,Outlying
26081,24340,266.0,Central
26117,24340,266.0,Outlying
26139,24340,266.0,Outlying
35006,24380,,Central
41033,24420,366.0,Central
20009,24460,,Central
30013,24500,,Central
08123,24540,216.0,Central
55009,24580,267.0,Central
55061,24580,267.0,Outlying
55083,24580,267.0,Outlying
47059,24620,,Central
37081,24660,268.0,Central
37151,24660,268.0,Outlying
37157,24660,268.0,Outlying
18031,24700,294.0,Central
28151,24740,,Central
37147,24780,272.0,Central
39037,24820,212.0,Central
45007,24860,273.0,Outlying
45045,24860,273.0,Central
45059,24860,273.0,Outlying
45077,24860,273.0,Central
28015,24900,,Outlying
28083,24900,,Central
45047,24940,273.0,Central
28043,24980,,Central
72015,25020,490.0,Central
72057,25020,490.0,Central
72109,25020,490.0,Central
28045,25060,,Central
28047,25060,,Central
28059,25060,,Outlying
28131,25060,,Outlying
40139,25100,,Central
24043,25180,548.0,Central
54003,25180,548.0,Central
54065,25180,548.0,Outlying
16013,25200,,Central
16025,25200,,Outlying
22105,25220,406.0,Central
06031,25260,260.0,Central
29127,25300,448.0,Central
29173,25300,448.0,Outlying
42041,25420,276.0,Central
42043,25420,276.0,Central
42099,25420,276.0,Outlying
05009,25460,,Central
05101,25460,,Outlying
51165,25500,277.0,Central
51660,25500,277.0,Central
09003,25540,278.0,Central
09007,25540,278.0,Central
09013,25540,278.0,Central
31001,25580,,Central
28031,25620,279.0,Outlying
28035,25620,279.0,Central
28073,25620,279.0,Central
28111,25620,279.0,Outlying
20051,25700,,Central
49043,25720,482.0,Central
49051,25720,482.0,Outlying
30043,25740,,Outlying
30049,25740,,Central
05107,25760,,Central
37181,25780,450.0,Central
48117,25820,,Central
41049,25840,,Outlying
41059,25840,,Central
37003,25860,,Outlying
37023,25860,,Central
37027,25860,,Central
37035,25860,,Central
26059,25880,,Central
15001,25900,,Central
45013,25940,,Central
45053,25940,,Outlying
13179,25980,496.0,Central
13183,25980,496.0,Outlying
35025,26020,,Central
26005,26090,266.0,Central
12017,26140,,Central
41027,26220,,Central
05057,26260,,Central
05099,26260,,Outlying
05051,26300,284.0,Central
26061,26340,,Central
26083,26340,,Outlying
22057,26380,,Central
22109,26380,,Central
48015,26420,288.0,Outlying
48039,26420,288.0,Central
48071,26420,288.0,Central
48157,26420,288.0,Central
48167,26420,288.0,Central
48201,26420,288.0,Central
48291,26420,288.0,Outlying
48339,26420,288.0,Outlying
48473,26420,288.0,Outlying
36021,26460,104.0,Central
42061,26500,107.0,Central
18069,26540,258.0,Central
21019,26580,170.0,Central
21043,26580,170.0,Outlying
21089,26580,170.0,Central
39087,26580,170.0,Central
54011,26580,170.0,Central
54079,26580,170.0,Central
54099,26580,170.0,Central
01083,26620,290.0,Outlying
01089,26620,290.0,Central
48471,26660,288.0,Central
46005,26700,,Central
46073,26700,,Outlying
20155,26740,,Central
27085,26780,378.0,Central
16019,26820,292.0,Central
16023,26820,292.0,Outlying
16051,26820,292.0,Outlying
42063,26860,430.0,Central
18011,26900,294.0,Central
18013,26900,294.0,Outlying
18057,26900,294.0,Central
18059,26900,294.0,Central
18063,26900,294.0,Central
18081,26900,294.0,Central
18095,26900,294.0,Outlying
18097,26900,294.0,Central
18109,26900,294.0,Central
18133,26900,294.0,Outlying
18145,26900,294.0,Outlying
28133,26940,185.0,Central
19103,26980,168.0,Central
19183,26980,168.0,Outlying
26043,27020,361.0,Central
55037,27020,361.0,Outlying
36109,27060,296.0,Central
26075,27100,,Central
28029,27140,298.0,Outlying
28049,27140,298.0,Central
28051,27140,298.0,Outlying
28089,27140,298.0,Central
28121,27140,298.0,Central
28127,27140,298.0,Outlying
28163,27140,298.0,Outlying
39079,27160,,Central
47023,27180,297.0,Outlying
47033,27180,297.0,Outlying
47053,27180,297.0,Outlying
47113,27180,297.0,Central
16081,27220,,Outlying
56039,27220,,Central
12003,27260,300.0,Outlying
12019,27260,300.0,Central
12031,27260,300.0,Central
12089,27260,300.0,Outlying
12109,27260,300.0,Outlying
17137,27300,522.0,Central
17171,27300,522.0,Outlying
37133,27340,,Central
48073,27380,540.0,Central
38093,27420,,Central
36013,27460,,Central
55105,27500,357.0,Central
01127,27530,142.0,Central
18037,27540,,Central
18125,27540,,Outlying
72073,27580,,Central
13157,27600,122.0,Central
29027,27620,,Outlying
29051,27620,,Central
29135,27620,,Outlying
29151,27620,,Outlying
22053,27660,324.0,Central
13305,27700,496.0,Central
47019,27740,304.0,Central
47171,27740,304.0,Outlying
47179,27740,304.0,Central
42021,27780,306.0,Central
05031,27860,308.0,Central
05111,27860,308.0,Outlying
29097,27900,309.0,Central
29145,27900,309.0,Outlying
02110,27940,,Central
15009,27980,,Central
26077,28020,310.0,Central
30029,28060,,Central
17091,28100,176.0,Central
20091,28140,312.0,Central
20103,28140,312.0,Outlying
20107,28140,312.0,Outlying
20121,28140,312.0,Outlying
20209,28140,312.0,Central
29013,28140,312.0,Outlying
29025,28140,312.0,Outlying
29037,28140,312.0,Central
29047,28140,312.0,Central
29049,28140,312.0,Outlying
29095,28140,312.0,Central
29107,28140,312.0,Outlying
29165,28140,312.0,Central
29177,28140,312.0,Outlying
15007,28180,,Central
31019,28260,,Central
31099,28260,,Outlying
33005,28300,,Central
18113,28340,258.0,Central
29069,28380,,Central
53005,28420,313.0,Central
53021,28420,313.0,Central
48265,28500,314.0,Central
02130,28540,,Central
12087,28580,370.0,Central
37055,28620,545.0,Central
48027,28660,,Central
48099,28660,,Central
48281,28660,,Outlying
47073,28700,304.0,Central
47163,28700,304.0,Central
51169,28700,304.0,Outlying
51191,28700,304.0,Outlying
51520,28700,304.0,Outlying
36111,28740,408.0,Central
48261,28780,204.0,Outlying
48273,28780,204.0,Central
37107,28820,272.0,Central
29001,28860,,Central
29197,28860,,Outlying
41035,28900,,Central
47001,28940,315.0,Central
47009,28940,315.0,Central
47013,28940,315.0,Outlying
47093,28940,315.0,Central
47105,28940,315.0,Central
47129,28940,315.0,Outlying
47145,28940,315.0,Outlying
47173,28940,315.0,Outlying
18067,29020,316.0,Central
33001,29060,148.0,Central
27055,29100,,Central
55063,29100,,Central
22001,29180,318.0,Outlying
22045,29180,318.0,Central
22055,29180,318.0,Central
22099,29180,318.0,Outlying
22113,29180,318.0,Outlying
18007,29200,320.0,Outlying
18015,29200,320.0,Outlying
18157,29200,320.0,Central
18171,29200,320.0,Outlying
41061,29260,,Central
01017,29300,122.0,Outlying
13285,29300,122.0,Central
22019,29340,324.0,Central
22023,29340,324.0,Outlying
12023,29380,264.0,Central
04015,29420,,Central
12105,29460,422.0,Central
48115,29500,,Central
42071,29540,,Central
26037,29620,,Central
26045,29620,,Central
26065,29620,,Central
26155,29620,,Outlying
56001,29660,,Central
48479,29700,,Central
35013,29740,238.0,Central
35033,29780,106.0,Outlying
35047,29780,106.0,Central
32003,29820,332.0,Central
28061,29860,279.0,Outlying
28067,29860,279.0,Central
37165,29900,246.0,Central
20045,29940,312.0,Central
47099,29980,400.0,Central
40031,30020,,Central
40033,30020,,Outlying
29105,30060,,Central
33009,30100,,Central
33019,30100,,Outlying
50017,30100,,Outlying
50027,30100,,Central
42075,30140,276.0,Central
48219,30220,352.0,Central
42119,30260,146.0,Central
47117,30280,400.0,Central
16069,30300,,Central
53003,30300,,Central
23001,30340,438.0,Central
42087,30380,,Central
31047,30420,,Central
31073,30420,,Outlying
21017,30460,336.0,Outlying
21049,30460,336.0,Outlying
21067,30460,336.0,Central
21113,30460,336.0,Outlying
21209,30460,336.0,Outlying
21239,30460,336.0,Outlying
20175,30580,,Central
39003,30620,338.0,Central
17107,30660,522.0,Central
31109,30700,339.0,Central
31159,30700,339.0,Outlying
05045,30780,340.0,Outlying
05053,30780,340.0,Outlying
05085,30780,340.0,Central
05105,30780,340.0,Outlying
05119,30780,340.0,Central
05125,30780,340.0,Central
42035,30820,558.0,Central
16041,30860,,Outlying
49005,30860,,Central
18017,30900,,Central
21051,30940,,Outlying
21121,30940,,Central
21125,30940,,Central
21235,30940,,Central
48183,30980,,Central
48203,30980,,Outlying
48401,30980,,Outlying
48459,30980,,Outlying
53015,31020,440.0,Central
35028,31060,106.0,Central
06059,31080,348.0,Central
06037,31080,348.0,Central
18019,31140,350.0,Central
18043,31140,350.0,Central
18061,31140,350.0,Outlying
18175,31140,350.0,Outlying
21029,31140,350.0,Central
21103,31140,350.0,Outlying
21111,31140,350.0,Central
21185,31140,350.0,Central
21211,31140,350.0,Outlying
21215,31140,350.0,Outlying
48107,31180,352.0,Outlying
48303,31180,352.0,Central
48305,31180,352.0,Outlying
26105,31220,,Central
48005,31260,,Central
37155,31300,246.0,Central
51009,31340,,Central
51011,31340,,Outlying
51019,31340,,Central
51031,31340,,Central
51680,31340,,Central
17109,31380,,Central
13021,31420,356.0,Central
13079,31420,356.0,Outlying
13169,31420,356.0,Outlying
13207,31420,356.0,Outlying
13289,31420,356.0,Outlying
06039,31460,260.0,Central
18077,31500,,Central
55021,31540,357.0,Outlying
55025,31540,357.0,Central
55045,31540,357.0,Outlying
55049,31540,357.0,Outlying
21107,31580,,Central
05027,31620,,Central
36033,31660,,Central
05059,31680,284.0,Central
33011,31700,148.0,Central
20061,31740,,Outlying
20149,31740,,Outlying
20161,31740,,Central
55071,31820,,Central
27013,31860,359.0,Central
27103,31860,359.0,Central
39139,31900,360.0,Central
39167,31930,425.0,Central
26109,31940,361.0,Central
55075,31940,361.0,Central
18053,31980,,Central
37111,32000,120.0,Central
39101,32020,198.0,Central
26103,32100,,Central
27083,32140,,Central
29195,32180,,Central
19127,32260,,Central
47183,32280,362.0,Central
51089,32300,,Central
51690,32300,,Central
29147,32340,,Central
19033,32380,,Central
19195,32380,,Outlying
72067,32420,364.0,Central
72083,32420,364.0,Outlying
72097,32420,364.0,Central
21083,32460,424.0,Central
21161,32500,178.0,Central
40121,32540,,Central
48215,32580,365.0,Central
28113,32620,,Central
47177,32660,,Central
20113,32700,,Central
42039,32740,240.0,Central
41029,32780,366.0,Central
05035,32820,368.0,Central
28033,32820,368.0,Central
28093,32820,368.0,Outlying
28137,32820,368.0,Outlying
28143,32820,368.0,Outlying
47047,32820,368.0,Outlying
47157,32820,368.0,Central
47167,32820,368.0,Outlying
55033,32860,232.0,Central
06047,32900,488.0,Central
28023,32940,,Outlying
28069,32940,,Outlying
28075,32940,,Central
29007,33020,190.0,Central
40115,33060,309.0,Central
12011,33100,370.0,Central
12086,33100,370.0,Central
12099,33100,370.0,Central
18091,33140,176.0,Central
21013,33180,,Central
26111,33220,474.0,Central
48317,33260,372.0,Outlying
48329,33260,372.0,Central
13009,33300,,Central
13141,33300,,Outlying
55079,33340,376.0,Central
55089,33340,376.0,Central
55131,33340,376.0,Outlying
55133,33340,376.0,Central
22119,33380,508.0,Central
48363,33420,206.0,Central
27003,33460,378.0,Central
27019,33460,378.0,Central
27025,33460,378.0,Outlying
27037,33460,378.0,Central
27053,33460,378.0,Central
27059,33460,378.0,Outlying
27079,33460,378.0,Outlying
27095,33460,378.0,Outlying
27123,33460,378.0,Central
27139,33460,378.0,Central
27141,33460,378.0,Central
27163,33460,378.0,Central
27171,33460,378.0,Central
55093,33460,378.0,Outlying
55109,33460,378.0,Outlying
38049,33500,,Outlying
38075,33500,,Outlying
38101,33500,,Central
30063,33540,,Central
46035,33580,,Central
46061,33580,,Outlying
29175,33620,190.0,Central
01097,33660,380.0,Central
01129,33660,380.0,Outlying
06099,33700,488.0,Central
22067,33740,384.0,Outlying
22073,33740,384.0,Central
22111,33740,384.0,Outlying
26115,33780,220.0,Central
01001,33860,388.0,Central
01051,33860,388.0,Central
01085,33860,388.0,Outlying
01101,33860,388.0,Central
08085,33940,,Central
08091,33940,,Outlying
37031,33980,404.0,Central
22101,34020,318.0,Central
54061,34060,390.0,Central
54077,34060,390.0,Outlying
47057,34100,315.0,Outlying
47063,34100,315.0,Central
47089,34100,315.0,Central
16057,34140,446.0,Central
53025,34180,393.0,Central
13071,34220,,Central
05005,34260,,Central
16039,34300,147.0,Central
37171,34340,268.0,Central
54045,34350,170.0,Central
26073,34380,394.0,Central
48063,34420,,Outlying
48449,34420,,Central
21011,34460,336.0,Outlying
21165,34460,336.0,Outlying
21173,34460,336.0,Central
17081,34500,,Central
39083,34540,198.0,Central
53057,34580,500.0,Central
18035,34620,294.0,Central
21035,34660,,Central
19139,34700,209.0,Central
26121,34740,266.0,Central
40101,34780,538.0,Central
37019,34820,396.0,Central
45051,34820,396.0,Central
48347,34860,,Central
06055,34900,488.0,Central
12021,34940,163.0,Central
47015,34980,400.0,Outlying
47021,34980,400.0,Outlying
47037,34980,400.0,Central
47043,34980,400.0,Outlying
47111,34980,400.0,Outlying
47119,34980,400.0,Outlying
47147,34980,400.0,Outlying
47149,34980,400.0,Outlying
47159,34980,400.0,Outlying
47165,34980,400.0,Central
47169,34980,400.0,Outlying
47187,34980,400.0,Central
47189,34980,400.0,Central
22029,35020,,Central
28001,35020,,Central
22069,35060,,Central
37049,35100,404.0,Central
37103,35100,404.0,Outlying
37137,35100,404.0,Outlying
45071,35140,192.0,Central
18065,35220,294.0,Central
42073,35260,430.0,Central
09009,35300,408.0,Central
22051,35380,406.0,Central
22071,35380,406.0,Central
22075,35380,406.0,Central
22087,35380,406.0,Central
22089,35380,406.0,Central
22093,35380,406.0,Outlying
22095,35380,406.0,Central
22103,35380,406.0,Outlying
39157,35420,184.0,Central
41041,35440,,Central
47029,35460,315.0,Central
27015,35580,359.0,Central
36059,35620,408.0,Central
36103,35620,408.0,Central
34013,35620,408.0,Central
34019,35620,408.0,Central
34027,35620,408.0,Central
34037,35620,408.0,Central
34039,35620,408.0,Central
42103,35620,408.0,Outlying
34023,35620,408.0,Central
34025,35620,408.0,Central
34029,35620,408.0,Central
34035,35620,408.0,Central
34003,35620,408.0,Central
34017,35620,408.0,Central
34031,35620,408.0,Central
36005,35620,408.0,Central
36047,35620,408.0,Central
36061,35620,408.0,Central
36079,35620,408.0,Central
36081,35620,408.0,Central
36085,35620,408.0,Central
36087,35620,408.0,Central
36119,35620,408.0,Central
26021,35660,515.0,Central
04023,35700,536.0,Central
31119,35740,,Central
31139,35740,,Outlying
31167,35740,,Outlying
31111,35820,,Central
31113,35820,,Outlying
31117,35820,,Outlying
12081,35840,412.0,Central
12115,35840,412.0,Central
18079,35860,294.0,Central
37193,35900,,Central
39077,35940,184.0,Central
09011,35980,278.0,Central
53029,36020,500.0,Central
12083,36100,,Central
34009,36140,428.0,Central
48135,36220,372.0,Central
49003,36260,482.0,Central
49011,36260,482.0,Central
49029,36260,482.0,Outlying
49057,36260,482.0,Central
36089,36300,,Central
42121,36340,,Central
12093,36380,,Central
40017,36420,416.0,Central
40027,36420,416.0,Central
40051,36420,416.0,Outlying
40081,36420,416.0,Outlying
40083,36420,416.0,Central
40087,36420,416.0,Outlying
40109,36420,416.0,Central
36009,36460,160.0,Central
53067,36500,500.0,Central
19085,36540,420.0,Outlying
19129,36540,420.0,Outlying
19155,36540,420.0,Central
31025,36540,420.0,Outlying
31055,36540,420.0,Central
31153,36540,420.0,Central
31155,36540,420.0,Outlying
31177,36540,420.0,Outlying
36077,36580,,Central
16075,36620,147.0,Central
41045,36620,147.0,Central
22097,36660,318.0,Central
45075,36700,192.0,Central
12069,36740,422.0,Outlying
12095,36740,422.0,Central
12097,36740,422.0,Outlying
12117,36740,422.0,Central
55139,36780,118.0,Central
19123,36820,218.0,Central
53001,36830,393.0,Central
17011,36837,176.0,Central
17099,36837,176.0,Central
17155,36837,176.0,Outlying
20059,36840,312.0,Central
19179,36900,,Central
27147,36940,378.0,Central
21059,36980,,Central
21091,36980,,Outlying
21149,36980,,Outlying
28071,37060,,Central
06111,37100,348.0,Central
01045,37120,222.0,Central
17127,37140,424.0,Outlying
21007,37140,424.0,Outlying
21139,37140,424.0,Outlying
21145,37140,424.0,Central
32023,37220,332.0,Central
12107,37260,300.0,Central
48001,37300,,Central
12009,37340,,Central
48179,37420,108.0,Central
48393,37420,108.0,Outlying
12005,37460,,Central
05055,37500,308.0,Central
47079,37540,,Central
48277,37580,,Central
54105,37620,425.0,Outlying
54107,37620,425.0,Central
20099,37660,,Central
04007,37740,429.0,Central
48163,37770,484.0,Central
48301,37780,,Outlying
48389,37780,,Central
19125,37800,218.0,Central
12033,37860,426.0,Central
12113,37860,426.0,Central
17057,37900,,Outlying
17123,37900,,Outlying
17143,37900,,Central
17175,37900,,Outlying
17179,37900,,Central
17203,37900,,Central
18103,37940,316.0,Central
34005,37980,428.0,Central
34007,37980,428.0,Central
34015,37980,428.0,Central
42017,37980,428.0,Central
42029,37980,428.0,Central
42091,37980,428.0,Central
42045,37980,428.0,Central
42101,37980,428.0,Central
10003,37980,428.0,Central
24015,37980,428.0,Central
34033,37980,428.0,Central
04013,38060,429.0,Central
04021,38060,429.0,Central
28109,38100,406.0,Central
46065,38180,,Central
46117,38180,,Central
05025,38220,340.0,Outlying
05069,38220,340.0,Central
05079,38220,340.0,Outlying
37125,38240,246.0,Central
20037,38260,,Central
42003,38300,430.0,Central
42005,38300,430.0,Outlying
42007,38300,430.0,Central
42019,38300,430.0,Central
42051,38300,430.0,Outlying
42125,38300,430.0,Central
42129,38300,430.0,Central
25003,38340,,Central
48189,38380,352.0,Central
55043,38420,,Central
36019,38460,,Central
18099,38500,515.0,Central
16005,38540,,Central
16077,38540,,Outlying
39053,38580,170.0,Central
54053,38580,170.0,Central
40071,38620,,Central
72001,38660,434.0,Outlying
72075,38660,434.0,Outlying
72113,38660,434.0,Central
72149,38660,434.0,Outlying
17105,38700,145.0,Central
29023,38740,,Central
29181,38740,,Outlying
35041,38780,188.0,Central
53009,38820,,Central
23005,38860,438.0,Central
23023,38860,438.0,Outlying
23031,38860,438.0,Central
41005,38900,440.0,Central
41009,38900,440.0,Outlying
41051,38900,440.0,Central
41067,38900,440.0,Central
41071,38900,440.0,Outlying
53011,38900,440.0,Central
53059,38900,440.0,Outlying
48057,38920,544.0,Central
12085,38940,370.0,Central
12111,38940,370.0,Central
39145,39020,170.0,Central
42107,39060,,Central
36027,39100,408.0,Central
36071,39100,408.0,Central
04025,39150,,Central
49007,39220,,Central
41013,39260,140.0,Central
25005,39300,148.0,Central
44001,39300,148.0,Central
44003,39300,148.0,Central
44005,39300,148.0,Central
44007,39300,148.0,Central
44009,39300,148.0,Central
49023,39340,482.0,Outlying
49049,39340,482.0,Central
08101,39380,444.0,Central
53075,39420,446.0,Central
12015,39460,412.0,Central
17001,39500,448.0,Central
29111,39500,448.0,Outlying
55101,39540,376.0,Central
37069,39580,450.0,Outlying
37101,39580,450.0,Central
37183,39580,450.0,Central
46093,39660,452.0,Central
46103,39660,452.0,Central
48489,39700,154.0,Central
42011,39740,428.0,Central
06103,39780,454.0,Central
06089,39820,454.0,Central
27049,39860,378.0,Central
32029,39900,456.0,Outlying
32031,39900,456.0,Central
16043,39940,292.0,Outlying
16065,39940,292.0,Central
18177,39980,458.0,Central
51007,40060,,Outlying
51036,40060,,Outlying
51041,40060,,Central
51053,40060,,Central
51075,40060,,Outlying
51085,40060,,Central
51087,40060,,Central
51097,40060,,Outlying
51101,40060,,Outlying
51127,40060,,Outlying
51145,40060,,Outlying
51149,40060,,Central
51183,40060,,Outlying
51570,40060,,Central
51670,40060,,Central
51730,40060,,Central
51760,40060,,Central
21065,40080,336.0,Outlying
21151,40080,336.0,Central
48427,40100,365.0,Central
06065,40140,348.0,Central
06071,40140,348.0,Central
56013,40180,,Central
51023,40220,,Central
51045,40220,,Outlying
51067,40220,,Outlying
51161,40220,,Central
51770,40220,,Central
51775,40220,,Central
37083,40260,468.0,Central
37131,40260,468.0,Outlying
17141,40300,466.0,Central
27039,40340,462.0,Outlying
27045,40340,462.0,Outlying
27109,40340,462.0,Central
27157,40340,462.0,Outlying
36051,40380,464.0,Outlying
36055,40380,464.0,Central
36069,40380,464.0,Central
36073,40380,464.0,Outlying
36117,40380,464.0,Outlying
36123,40380,464.0,Outlying
17007,40420,466.0,Central
17201,40420,466.0,Central
37153,40460,,Central
48007,40530,204.0,Central
56037,40540,,Central
37065,40580,468.0,Central
37127,40580,468.0,Central
29161,40620,,Central
13115,40660,122.0,Central
41019,40700,,Central
35005,40740,,Central
35027,40760,,Central
05115,40780,,Central
05149,40780,,Outlying
22061,40820,384.0,Central
50021,40860,,Central
06017,40900,472.0,Central
06061,40900,472.0,Central
06067,40900,472.0,Central
06113,40900,472.0,Outlying
04009,40940,,Central
26145,40980,474.0,Central
27009,41060,378.0,Central
27145,41060,378.0,Central
49053,41100,,Central
20043,41140,312.0,Outlying
29003,41140,312.0,Outlying
29021,41140,312.0,Central
29063,41140,312.0,Outlying
17005,41180,476.0,Outlying
17013,41180,476.0,Outlying
17027,41180,476.0,Outlying
17083,41180,476.0,Outlying
17117,41180,476.0,Outlying
17119,41180,476.0,Central
17133,41180,476.0,Central
17163,41180,476.0,Central
29071,41180,476.0,Outlying
29099,41180,476.0,Central
29113,41180,476.0,Outlying
29183,41180,476.0,Central
29189,41180,476.0,Central
29219,41180,476.0,Outlying
29510,41180,476.0,Central
13039,41220,300.0,Central
42047,41260,,Central
39029,41400,566.0,Central
41047,41420,440.0,Central
41053,41420,440.0,Central
20143,41460,,Outlying
20169,41460,,Central
06053,41500,,Central
10005,41540,480.0,Central
24039,41540,480.0,Outlying
24045,41540,480.0,Central
24047,41540,480.0,Outlying
49035,41620,482.0,Central
49045,41620,482.0,Outlying
48235,41660,,Outlying
48431,41660,,Outlying
48451,41660,,Central
48013,41700,484.0,Outlying
48019,41700,484.0,Outlying
48029,41700,484.0,Central
48091,41700,484.0,Central
48187,41700,484.0,Central
48259,41700,484.0,Outlying
48325,41700,484.0,Outlying
48493,41700,484.0,Outlying
06073,41740,,Central
16017,41760,,Central
39043,41780,184.0,Central
37105,41820,246.0,Central
06001,41860,488.0,Central
06013,41860,488.0,Outlying
06075,41860,488.0,Central
06081,41860,488.0,Central
06041,41860,488.0,Central
72023,41900,364.0,Central
72079,41900,364.0,Central
72121,41900,364.0,Central
72125,41900,364.0,Central
06069,41940,488.0,Outlying
06085,41940,488.0,Central
72007,41980,490.0,Central
72009,41980,490.0,Central
72017,41980,490.0,Outlying
72019,41980,490.0,Central
72021,41980,490.0,Central
72025,41980,490.0,Central
72029,41980,490.0,Central
72031,41980,490.0,Central
72033,41980,490.0,Central
72035,41980,490.0,Central
72037,41980,490.0,Outlying
72039,41980,490.0,Central
72041,41980,490.0,Central
72045,41980,490.0,Central
72047,41980,490.0,Central
72051,41980,490.0,Central
72053,41980,490.0,Outlying
72054,41980,490.0,Outlying
72061,41980,490.0,Central
72063,41980,490.0,Central
72069,41980,490.0,Central
72077,41980,490.0,Central
72085,41980,490.0,Central
72087,41980,490.0,Central
72089,41980,490.0,Outlying
72091,41980,490.0,Central
72095,41980,490.0,Outlying
72101,41980,490.0,Central
72103,41980,490.0,Outlying
72105,41980,490.0,Central
72107,41980,490.0,Central
72119,41980,490.0,Central
72127,41980,490.0,Central
72129,41980,490.0,Central
72135,41980,490.0,Central
72137,41980,490.0,Central
72139,41980,490.0,Central
72143,41980,490.0,Central
72145,41980,490.0,Central
72151,41980,490.0,Central
06079,42020,,Central
06087,42100,488.0,Central
35049,42140,106.0,Central
72133,42180,434.0,Central
06083,42200,,Central
06097,42220,488.0,Central
26033,42300,,Central
13029,42340,496.0,Central
13051,42340,496.0,Central
13103,42340,496.0,Outlying
42015,42380,,Central
31007,42420,,Outlying
31157,42420,,Central
31165,42420,,Outlying
01071,42460,497.0,Central
18143,42500,350.0,Central
42069,42540,,Central
42079,42540,,Central
42131,42540,,Outlying
05145,42620,340.0,Central
53033,42660,500.0,Central
53061,42660,500.0,Central
53053,42660,500.0,Central
12061,42680,370.0,Central
12055,42700,,Central
29159,42740,,Central
42109,42780,146.0,Central
01047,42820,388.0,Central
45073,42860,273.0,Central
36099,42900,464.0,Central
47155,42940,315.0,Central
18071,42980,294.0,Central
55078,43020,267.0,Outlying
55115,43020,267.0,Central
40125,43060,416.0,Central
55117,43100,,Central
37045,43140,172.0,Central
47003,43180,400.0,Central
53045,43220,500.0,Central
56033,43260,,Central
48181,43300,206.0,Central
04017,43320,,Central
22015,43340,508.0,Central
22017,43340,508.0,Central
22031,43340,508.0,Outlying
39149,43380,212.0,Central
04003,43420,,Central
29201,43460,164.0,Central
35017,43500,,Central
19193,43580,,Central
31043,43580,,Central
31051,43580,,Outlying
46127,43580,,Central
46083,43620,,Central
46087,43620,,Outlying
46099,43620,,Central
46125,43620,,Outlying
48415,43660,,Central
21199,43700,,Central
42111,43740,306.0,Central
06109,43760,,Central
18141,43780,515.0,Central
26027,43780,515.0,Central
45083,43900,273.0,Central
46081,43940,452.0,Central
19041,43980,517.0,Central
19059,44020,517.0,Central
53063,44060,518.0,Central
53065,44060,518.0,Outlying
17129,44100,522.0,Outlying
17167,44100,522.0,Central
25011,44140,,Outlying
25013,44140,,Central
25015,44140,,Central
29043,44180,,Central
29059,44180,,Outlying
29077,44180,,Central
29167,44180,,Outlying
29225,44180,,Outlying
39023,44220,212.0,Central
28105,44260,,Central
28155,44260,,Outlying
42027,44300,524.0,Central
13031,44340,496.0,Central
51015,44420,277.0,Central
51790,44420,277.0,Central
51820,44420,277.0,Central
08107,44460,525.0,Central
48143,44500,,Central
08075,44540,,Central
17195,44580,221.0,Central
55097,44620,554.0,Central
40119,44660,,Central
06077,44700,488.0,Central
19021,44740,,Central
26149,44780,310.0,Central
48223,44860,,Central
13055,44900,174.0,Central
45027,44940,,Outlying
45085,44940,,Central
42097,44980,146.0,Central
06035,45000,,Central
48353,45020,,Central
36053,45060,532.0,Outlying
36067,45060,532.0,Central
36075,45060,532.0,Outlying
40021,45140,,Central
01121,45180,142.0,Central
12039,45220,,Outlying
12065,45220,,Outlying
12073,45220,,Central
12129,45220,,Outlying
12053,45300,,Outlying
12057,45300,,Central
12101,45300,,Central
12103,45300,,Central
35055,45340,,Central
17021,45380,522.0,Central
18021,45460,,Central
18121,45460,,Outlying
18153,45460,,Outlying
18165,45460,,Outlying
18167,45460,,Central
05081,45500,,Outlying
05091,45500,,Central
48037,45500,,Central
41065,45520,,Central
12119,45540,422.0,Central
13293,45580,122.0,Central
13275,45620,,Central
39147,45660,534.0,Central
13277,45700,,Central
13257,45740,122.0,Central
39051,45780,534.0,Outlying
39095,45780,534.0,Central
39123,45780,534.0,Outlying
39173,45780,534.0,Central
20085,45820,,Outlying
20087,45820,,Outlying
20139,45820,,Outlying
20177,45820,,Central
20197,45820,,Outlying
09005,45860,408.0,Central
26019,45900,,Outlying
26055,45900,,Central
26079,45900,,Outlying
26089,45900,,Outlying
34021,45940,408.0,Central
01109,45980,,Central
06057,46020,472.0,Central
04019,46060,536.0,Central
47031,46100,,Central
47051,46100,,Outlying
47127,46100,,Outlying
40037,46140,538.0,Central
40111,46140,538.0,Outlying
40113,46140,538.0,Central
40117,46140,538.0,Outlying
40131,46140,538.0,Outlying
40143,46140,538.0,Central
40145,46140,538.0,Central
28057,46180,539.0,Outlying
28081,46180,539.0,Central
28115,46180,539.0,Outlying
28117,46180,539.0,Outlying
01063,46220,,Outlying
01065,46220,,Outlying
01107,46220,,Outlying
01125,46220,,Central
16053,46300,,Outlying
16083,46300,,Central
48423,46340,540.0,Central
06045,46380,,Central
45087,46420,273.0,Central
47131,46460,362.0,Central
39021,46500,212.0,Central
15003,46520,,Central
36043,46540,,Outlying
36065,46540,,Central
48463,46620,,Central
13027,46660,,Outlying
13101,46660,,Outlying
13173,46660,,Outlying
13185,46660,,Central
06095,46700,488.0,Central
39161,46780,338.0,Central
46027,46820,,Central
49047,46860,,Central
48487,46900,,Central
28149,46980,298.0,Central
48175,47020,544.0,Outlying
48469,47020,544.0,Central
13209,47080,,Outlying
13279,47080,,Central
18083,47180,,Central
34011,47220,428.0,Central
25007,47240,,Central
37029,47260,545.0,Outlying
37053,47260,545.0,Outlying
37073,47260,545.0,Outlying
51073,47260,545.0,Central
51093,47260,545.0,Outlying
51095,47260,545.0,Outlying
51115,47260,545.0,Outlying
51175,47260,545.0,Outlying
51199,47260,545.0,Central
51550,47260,545.0,Central
51620,47260,545.0,Outlying
51650,47260,545.0,Central
51700,47260,545.0,Central
51710,47260,545.0,Central
51735,47260,545.0,Central
51740,47260,545.0,Central
51800,47260,545.0,Central
51810,47260,545.0,Central
51830,47260,545.0,Outlying
06107,47300,,Central
18169,47340,,Central
48145,47380,,Outlying
48309,47380,,Central
27167,47420,244.0,Outlying
38077,47420,244.0,Central
53071,47460,313.0,Central
39011,47540,338.0,Central
13153,47580,356.0,Central
13225,47580,356.0,Outlying
42123,47620,,Central
29101,47660,312.0,Central
18085,47700,515.0,Central
18027,47780,,Central
37013,47820,272.0,Central
24021,47900,548.0,Outlying
24031,47900,548.0,Central
11001,47900,548.0,Central
24009,47900,548.0,Outlying
24017,47900,548.0,Outlying
24033,47900,548.0,Central
51013,47900,548.0,Central
51043,47900,548.0,Outlying
51047,47900,548.0,Outlying
51059,47900,548.0,Central
51061,47900,548.0,Central
51107,47900,548.0,Central
51113,47900,548.0,Outlying
51153,47900,548.0,Central
51157,47900,548.0,Outlying
51177,47900,548.0,Outlying
51179,47900,548.0,Central
51187,47900,548.0,Outlying
51510,47900,548.0,Central
51600,47900,548.0,Central
51610,47900,548.0,Central
51630,47900,548.0,Outlying
51683,47900,548.0,Central
51685,47900,548.0,Central
54037,47900,548.0,Outlying
39047,47920,198.0,Central
19013,47940,,Central
19017,47940,,Outlying
19075,47940,,Outlying
46029,47980,,Central
46057,47980,,Outlying
55055,48020,376.0,Central
36045,48060,,Central
12049,48100,422.0,Central
55069,48140,554.0,Outlying
55073,48140,554.0,Central
13229,48180,,Outlying
13299,48180,,Central
40039,48220,,Central
39081,48260,430.0,Central
54009,48260,430.0,Central
54029,48260,430.0,Central
53007,48300,,Central
53017,48300,,Central
29091,48460,,Central
28025,48500,200.0,Central
39013,48540,,Central
54051,48540,,Central
54069,48540,,Central
55127,48580,376.0,Central
20015,48620,556.0,Outlying
20079,48620,556.0,Outlying
20173,48620,556.0,Central
20191,48620,556.0,Outlying
48009,48660,,Outlying
48077,48660,,Outlying
48485,48660,,Central
42081,48700,558.0,Central
38105,48780,,Central
27067,48820,,Central
37129,48900,,Central
37141,48900,,Outlying
39027,48940,178.0,Central
37195,48980,468.0,Central
51069,49020,548.0,Central
51840,49020,548.0,Central
54027,49020,548.0,Outlying
20035,49060,556.0,Central
32013,49080,,Central
27169,49100,,Central
37057,49180,268.0,Central
37059,49180,268.0,Central
37067,49180,268.0,Central
37169,49180,268.0,Central
37197,49180,268.0,Outlying
55141,49220,554.0,Central
40045,49260,,Outlying
40153,49260,,Central
39169,49300,184.0,Central
09015,49340,148.0,Central
25027,49340,148.0,Central
27105,49380,,Central
53077,49420,,Central
46135,49460,,Central
72055,49500,434.0,Central
72059,49500,434.0,Central
72111,49500,434.0,Central
72153,49500,434.0,Central
42133,49620,276.0,Central
39099,49660,566.0,Central
39155,49660,566.0,Central
42085,49660,566.0,Central
06101,49700,472.0,Central
06115,49700,472.0,Central
04027,49740,,Central
39119,49780,198.0,Central
48505,49820,,Central
